热门查询,点击次数,展示,点击率,排名
calculadora presión arterial,1,2,50%,4
pam calculator,0,67,0%,11.37
map blood pressure,0,48,0%,83.52
map formula,0,43,0%,73.23
map calculator,0,43,0%,76.98
how to calculate map,0,36,0%,65.06
map bp,0,30,0%,81.83
mean arterial pressure formula,0,27,0%,83.3
how to calculate map blood pressure,0,25,0%,72.8
map blood pressure formula,0,24,0%,77.92
map equation,0,22,0%,67.64
map calculation,0,22,0%,79.41
map blood pressure calculator,0,21,0%,75.62
mean arterial pressure calculation,0,20,0%,77.85
mean arterial pressure calculator,0,18,0%,83.44
pam,0,18,0%,90.56
how to calculate mean arterial pressure,0,18,0%,90.83
calculadora pam,0,17,0%,64
pam calculadora,0,15,0%,67.6
blood pressure calculation formula,0,15,0%,77.33
pam formula,0,14,0%,60.79
presion arterial media calculadora,0,12,0%,92.33
map calculation formula,0,11,0%,61
formula for map,0,11,0%,66.45
calcular pam,0,10,0%,68.2
calculate map,0,10,0%,83.6
calculating map,0,10,0%,85.2
map bp formula,0,10,0%,89.5
calculo pam,0,9,0%,86.33
tam calculadora,0,9,0%,87.22
formula pam,0,8,0%,65.75
map equation bp,0,8,0%,80.62
map計算器,0,7,0%,8.57
pam calculador,0,7,0%,8.71
pa media calculadora,0,7,0%,20.71
map arterial pressure calculator,0,7,0%,43
map mean arterial pressure formula,0,7,0%,81.43
how to calculate map bp,0,7,0%,82.14
calculate mean arterial pressure,0,7,0%,84.86
calculating mean arterial pressure,0,7,0%,85.29
pam medicina,0,7,0%,86.86
map formula bp,0,7,0%,88.43
map arterial pressure,0,7,0%,90.43
map calc,0,7,0%,91.57
calculadora de pam,0,6,0%,59.83
presión arterial media calculadora,0,6,0%,63.5
calcular presion arterial media,0,6,0%,72.17
bp map,0,6,0%,72.67
how to calculate map pressure,0,6,0%,74.67
map blood pressure calculation,0,6,0%,75.33
map pressure formula,0,6,0%,78.5
mean arterial blood pressure calculator,0,6,0%,82.17
mean arterial pressure calculation formula,0,6,0%,86.67
how to calculate arterial pressure,0,6,0%,88.33
tension arterial media calculadora,0,6,0%,93.33
88/52 map,0,5,0%,10.6
calculate map bp,0,5,0%,61.4
calculate mean arterial pressure from blood pressure,0,5,0%,64
pam fórmula,0,5,0%,68.2
bp map formula,0,5,0%,72.4
how to calculate bp map,0,5,0%,74.2
how to compute map blood pressure,0,5,0%,76.2
formula de pam,0,5,0%,78.4
mean arterial pressure equation,0,5,0%,79.8
map computation,0,5,0%,84.2
calculadora tension arterial media,0,5,0%,91.6
how to calculate mean blood pressure,0,5,0%,92.6
calculadora de presion arterial media,0,5,0%,98
map 計算 器,0,4,0%,7
map calculator nursing,0,4,0%,27.75
pam calc,0,4,0%,59.75
how to calculate map medical,0,4,0%,64.25
map equation blood pressure,0,4,0%,65.5
how to calculate a map,0,4,0%,67.75
calcula pam,0,4,0%,69
how to calculate map from blood pressure,0,4,0%,70.25
fórmula pam,0,4,0%,73.25
calculated map,0,4,0%,74.75
map for blood pressure,0,4,0%,75.25
map pressure equation,0,4,0%,76
map equations,0,4,0%,77.75
how to measure map blood pressure,0,4,0%,79.25
blood pressure and map,0,4,0%,80.5
blood pressure map number,0,4,0%,81.5
calculation of map,0,4,0%,83
mdcalc map calculator,0,4,0%,83.75
mean pressure calculation,0,4,0%,85.5
como calcular la pam,0,4,0%,86
what is a normal map bp,0,4,0%,87.25
calcular tension arterial media,0,4,0%,87.75
mean bp calculation,0,4,0%,88.25
mean bp formula,0,4,0%,88.25
mean blood pressure calculation,0,4,0%,90
calculo de pam,0,4,0%,96.75
92/58 map,0,3,0%,14
normal map nursing,0,3,0%,34.33
calculating map blood pressure,0,3,0%,63.67
map how to calculate,0,3,0%,63.67
map nursing,0,3,0%,67.33
calculate mean arterial blood pressure,0,3,0%,72.33
how to calculate mean bp,0,3,0%,75.33
blood pressure map,0,3,0%,76.67
delta pp calculator,0,3,0%,78.33
mean arterial pressure computation,0,3,0%,78.67
mabp formula,0,3,0%,81
how to compute map bp,0,3,0%,81.33
how to figure map blood pressure,0,3,0%,81.33
blood pressure mapping,0,3,0%,81.67
how to calculate mean arterial pressure from bp,0,3,0%,82.33
bp formula,0,3,0%,83.33
pam calculo,0,3,0%,83.33
map of blood pressure,0,3,0%,84
formula of map,0,3,0%,84.67
presion arterial media formula,0,3,0%,85.67
map in blood pressure,0,3,0%,86.67
calculadora de tension arterial media,0,3,0%,88.33
average bp calculator,0,3,0%,89.67
calculate mean arterial pressure formula,0,3,0%,91
how to get map,0,3,0%,91
pam cálculo,0,3,0%,94
calculate mean blood pressure,0,3,0%,94.33
how do you calculate mean blood pressure,0,3,0%,94.67
mean arterial pressure,0,3,0%,96.33
bp calculator,0,3,0%,104.33
pam minima para perfusion,0,2,0%,4.5
map of 105,0,2,0%,11
pam 110,0,2,0%,12
map calculation nursing,0,2,0%,22
calculating map from blood pressure,0,2,0%,32.5
what is a normal map nursing,0,2,0%,38
map 90/60,0,2,0%,49
pam presion arterial,0,2,0%,50.5
how to calculate map with blood pressure,0,2,0%,51.5
map計算,0,2,0%,54
how to calculate map in blood pressure,0,2,0%,55
how to calculate map from bp,0,2,0%,57.5
calculadora presión arterial media,0,2,0%,59
חישוב map,0,2,0%,62
map berekenen bloeddruk,0,2,0%,64.5
pam enfermeria,0,2,0%,66
map formula for blood pressure,0,2,0%,68
calculating map formula,0,2,0%,68.5
how do i calculate map,0,2,0%,68.5
map formula for bp,0,2,0%,69.5
como calcular pam,0,2,0%,70.5
how to calculate map with bp,0,2,0%,71.5
calculate map equation,0,2,0%,72.5
map 醫學 公式,0,2,0%,72.5
calculate map formula,0,2,0%,73
how do you calculate map,0,2,0%,73.5
formula for map blood pressure,0,2,0%,74.5
como sacar la pam,0,2,0%,75.5
calculo de presion arterial media,0,2,0%,77.5
how do you calculate the map,0,2,0%,77.5
la pam,0,2,0%,77.5
presion arterial media formula calculadora,0,2,0%,77.5
how to figure map,0,2,0%,78
mean arterial pressure calculate,0,2,0%,78
tension arterial media formula,0,2,0%,78
calcular la pam,0,2,0%,78.5
map for bp,0,2,0%,78.5
map formula blood pressure,0,2,0%,79.5
mean blood pressure calculator,0,2,0%,79.5
formula de la pam,0,2,0%,80
how to calculate mean arterial blood pressure,0,2,0%,80.5
arterial pressure calculation,0,2,0%,81
calculating map of blood pressure,0,2,0%,81
map formula mean arterial pressure,0,2,0%,81
map heart rate,0,2,0%,81
how do you figure out map,0,2,0%,81.5
map in blood pressure reading,0,2,0%,82.5
how to compute mean arterial pressure,0,2,0%,83.5
map calculator bp,0,2,0%,84
map on blood pressure machine,0,2,0%,84.5
map of 60,0,2,0%,86
mean arterial blood pressure calculation,0,2,0%,86.5
median arterial pressure calculator,0,2,0%,86.5
map bp normal,0,2,0%,87.5
map mean arterial pressure calculator,0,2,0%,87.5
mean blood pressure formula,0,2,0%,87.5
calculadora de presión arterial media,0,2,0%,89
blood pressure calculation,0,2,0%,90
como sacar la pam de la presion arterial,0,2,0%,92.5
what is a good map score blood pressure,0,2,0%,92.5
blood pressure average calculator,0,2,0%,93
arterial pressure formula,0,2,0%,93.5
calcular tam,0,2,0%,94.5
how to find mean arterial pressure,0,2,0%,95
calculate map from blood pressure,0,2,0%,96.5
what is map in blood pressure,0,2,0%,97.5
how to calculate map for blood pressure,0,2,0%,98
normal bp map,0,2,0%,98.5
pam formula enfermeria,0,1,0%,1
pam valor normal,0,1,0%,1
mpap normal range,0,1,0%,6
pam 105,0,1,0%,8
map 中文 醫學,0,1,0%,9
calcul pam,0,1,0%,10
map converter blood pressure,0,1,0%,10
map of 113,0,1,0%,10
85/50 map,0,1,0%,11
map for 180/95,0,1,0%,11
map laskukaava,0,1,0%,12
pas media,0,1,0%,12
presión arterial media valores normales,0,1,0%,13
map of 120/80,0,1,0%,21
blood pressure calculator,0,1,0%,28
can you calculate map from bp,0,1,0%,29
pam presion arterial media valores normales,0,1,0%,29
map formula nursing,0,1,0%,30
pam perfusora,0,1,0%,32
what is map in nursing,0,1,0%,32
tam media calculadora,0,1,0%,33
valores pam,0,1,0%,37
map md calc,0,1,0%,38
calculate blood pressure map,0,1,0%,42
平均動脈壓計算,0,1,0%,45
calculadora pressão arterial média,0,1,0%,47
90/60 map,0,1,0%,48
map calculator​,0,1,0%,48
how to calcualte map,0,1,0%,49
how to get map from bp,0,1,0%,49
how to calculate maps,0,1,0%,50
como sacar pam,0,1,0%,51
bp 100/65,0,1,0%,54
map from bp,0,1,0%,54
blood map,0,1,0%,55
map calculator mdcalc,0,1,0%,56
calculate map for blood pressure,0,1,0%,57
pam media,0,1,0%,57
สูตร คํา น วณ map bp,0,1,0%,57
calculation map,0,1,0%,58
map calculation example,0,1,0%,59
como se calcula pam,0,1,0%,61
blood pressure map formula,0,1,0%,62
map calculation blood pressure,0,1,0%,63
how to determine map,0,1,0%,64
map calculation equation,0,1,0%,64
pam media normal,0,1,0%,65
map score blood pressure,0,1,0%,66
حساب map للضغط,0,1,0%,67
calculadora pa,0,1,0%,68
formula para sacar la pam,0,1,0%,69
presión arterial media fórmula,0,1,0%,69
how is map calculated,0,1,0%,70
mean bp 계산기,0,1,0%,70
pa media,0,1,0%,70
pediatric map calculator,0,1,0%,70
equation for map,0,1,0%,71
map measurement bp,0,1,0%,71
maps blood pressure,0,1,0%,71
formula de pam en enfermeria,0,1,0%,72
how to get map blood pressure,0,1,0%,72
map in nursing,0,1,0%,72
formula to calculate mean arterial pressure,0,1,0%,73
how to find map blood pressure,0,1,0%,73
map formel,0,1,0%,73
map number blood pressure,0,1,0%,73
calculo da pam,0,1,0%,74
como calcular la pam presión arterial média,0,1,0%,74
formula para pam,0,1,0%,74
how to find map bp,0,1,0%,74
map blodtryck,0,1,0%,74
map formula heart,0,1,0%,74
map on bp,0,1,0%,74
mean arterial pressure map formula,0,1,0%,74
bp maps,0,1,0%,75
formula del pam,0,1,0%,75
blood pressure map range,0,1,0%,76
formula for calculating mean arterial pressure,0,1,0%,76
how to calculate the map of a blood pressure,0,1,0%,76
map bp reading,0,1,0%,76
bp and map,0,1,0%,77
determining map,0,1,0%,77
how to calculate map of blood pressure,0,1,0%,77
calculation mean arterial pressure,0,1,0%,78
how is map measured,0,1,0%,78
que es la pam,0,1,0%,78
bp map range,0,1,0%,79
map on bp machine,0,1,0%,79
pam presion arterial media,0,1,0%,79
120/80 map,0,1,0%,80
calculating map for blood pressure,0,1,0%,80
map vitals,0,1,0%,80
what is bp map,0,1,0%,81
normal map in bp,0,1,0%,82
calculating mean blood pressure,0,1,0%,83
map blood pressure range,0,1,0%,83
map of blood pressure calculator,0,1,0%,83
mean arterial pressure berekenen,0,1,0%,83
איך מחשבים map,0,1,0%,83
bp average calculator,0,1,0%,84
como sacar la pam formula,0,1,0%,84
map of bp,0,1,0%,84
formula de presion arterial media,0,1,0%,85
map range bp,0,1,0%,85
measuring map blood pressure,0,1,0%,85
presion arterial media pam,0,1,0%,85
sbp map,0,1,0%,85
what is the formula for map,0,1,0%,85
calculadora presion arterial media,0,1,0%,86
calculation for map,0,1,0%,86
how to calculate blood pressure map,0,1,0%,86
map mean arterial pressure,0,1,0%,86
map 血壓,0,1,0%,86
p arterial media,0,1,0%,86
calcular presion media,0,1,0%,87
calculation of map blood pressure,0,1,0%,87
how do you calculate mean arterial blood pressure,0,1,0%,87
mean arterial pressure calc,0,1,0%,87
calculador de presion arterial media,0,1,0%,88
calculate map from sbp and dbp,0,1,0%,88
goal map blood pressure,0,1,0%,88
mean bp calculator,0,1,0%,88
what is map blood pressure,0,1,0%,88
how do you calculate mean arterial pressure,0,1,0%,89
map bp calculator,0,1,0%,89
map calculator formula,0,1,0%,89
map on blood pressure,0,1,0%,89
pam calcular,0,1,0%,89
pengiraan map,0,1,0%,89
systolic diastolic map,0,1,0%,89
calculate map bp formula,0,1,0%,90
calculer pam,0,1,0%,90
map medical calculation,0,1,0%,90
mean arterial blood pressure formula,0,1,0%,90
normal map in blood pressure,0,1,0%,90
how to find mean arterial blood pressure,0,1,0%,92
map 60 mmhg,0,1,0%,92
map blood pressure equation,0,1,0%,92
blood pressure formula,0,1,0%,93
calcula presion arterial media,0,1,0%,93
calculating mean arterial blood pressure,0,1,0%,93
calculation for mean arterial pressure,0,1,0%,93
calculo da pa,0,1,0%,93
formula pam presión arterial media,0,1,0%,93
map bloeddruk,0,1,0%,93
average blood pressure calculator,0,1,0%,94
calculo de presion arterial media formula,0,1,0%,94
how to calculate a mean arterial pressure,0,1,0%,94
map calculator equation,0,1,0%,94
normal map blood pressure,0,1,0%,94
normal map for bp,0,1,0%,94
presion arterial media calcular,0,1,0%,94
blood pressure reading calculator,0,1,0%,95
calcular presion arterial media formula,0,1,0%,95
map calculator for bp,0,1,0%,95
what is map for blood pressure,0,1,0%,95
ideal map blood pressure,0,1,0%,96
map goals in icu,0,1,0%,96
what is a map blood pressure,0,1,0%,96
average map,0,1,0%,97
map formule,0,1,0%,97
normal blood pressure map,0,1,0%,97
pam normal,0,1,0%,97
map 計算,0,1,0%,98
what is map in blood pressure readings,0,1,0%,98
calculation for blood pressure,0,1,0%,99
how to calculate blood pressure mean,0,1,0%,99
how to figure out map bp,0,1,0%,99
map 65 mmhg,0,1,0%,99
map arterial,0,1,0%,99
map goal 60 vs 65,0,1,0%,99
mean bp,0,1,0%,99
presion arterial media calculo,0,1,0%,99
pressão arterial média calculadora,0,1,0%,99
80/50 map,0,1,0%,100
calculo de la pam,0,1,0%,100
cardiac map,0,1,0%,100
how do i calculate mean arterial pressure,0,1,0%,100
how to calculate mean pressure,0,1,0%,100
map berekenen,0,1,0%,100
tension arterial media calculo,0,1,0%,100
what does map stand for in blood pressure,0,1,0%,100
what is map with blood pressure,0,1,0%,100