排名靠前的网页,点击次数,展示,点击率,排名
https://mapcalculator.org/es,2,613,0.33%,38.9
https://mapcalculator.org/,1,678,0.15%,43.79
https://mapcalculator.org/map-calculation-nursing,1,135,0.74%,11.34
https://mapcalculator.org/zh/map-calculator-bp,1,44,2.27%,5.86
https://mapcalculator.org/es/map-calculation-nursing,1,17,5.88%,6.35
https://mapcalculator.org/how-to-calculate-map-blood-pressure,0,739,0%,67.24
https://mapcalculator.org/map-calculator-bp,0,180,0%,27.27
https://mapcalculator.org/es/map-calculator-bp,0,148,0%,7.91
https://mapcalculator.org/zh,0,41,0%,18.29
http://mapcalculator.org/,0,38,0%,73.26
https://mapcalculator.org/es/how-to-calculate-map-blood-pressure,0,29,0%,8.41
https://mapcalculator.org/zh/how-to-calculate-map-blood-pressure,0,16,0%,7.69
https://mapcalculator.org/map-targets-by-condition,0,13,0%,31
https://mapcalculator.org/es/articles,0,8,0%,79.62
https://mapcalculator.org/zh/map-calculation-nursing,0,2,0%,9.5
https://mapcalculator.org/zh/map-targets-by-condition,0,2,0%,10.5
https://mapcalculator.org/zh/disclaimer,0,1,0%,2
https://mapcalculator.org/zh/privacy,0,1,0%,3
https://mapcalculator.org/articles,0,1,0%,4
https://mapcalculator.org/zh/terms,0,1,0%,4
https://mapcalculator.org/editorial-policy,0,1,0%,5
https://mapcalculator.org/zh/about,0,1,0%,5
https://mapcalculator.org/zh/articles,0,1,0%,6
https://mapcalculator.org/zh/contact,0,1,0%,8
https://mapcalculator.org/es/editorial-policy,0,1,0%,9
https://mapcalculator.org/zh/editorial-policy,0,1,0%,10